{"minecraft:overworld":[{"name":"DP(381_87_18)","x":381,"y":87,"z":18,"color":16777215,"icon":"SKULL","max-distance":0,"min-distance":0,"enabled":true},{"name":"DP(381_87_19)","x":381,"y":87,"z":19,"color":16777215,"icon":"SKULL","max-distance":0,"min-distance":0,"enabled":true},{"name":"DP(10_78_-4)","x":10,"y":78,"z":-4,"color":16777215,"icon":"SKULL","max-distance":0,"min-distance":0,"enabled":true},{"name":"DP(425_65_-217)","x":425,"y":65,"z":-217,"color":16777215,"icon":"SKULL","max-distance":0,"min-distance":0,"enabled":true},{"name":"DP(0_66_0)","x":0,"y":66,"z":0,"color":16777215,"icon":"SKULL","max-distance":0,"min-distance":0,"enabled":true},{"name":"DP(314_69_5)","x":314,"y":69,"z":5,"color":16777215,"icon":"SKULL","max-distance":0,"min-distance":0,"enabled":true},{"name":"DP(310_69_2)","x":310,"y":69,"z":2,"color":16777215,"icon":"SKULL","max-distance":0,"min-distance":0,"enabled":true}],"minecraft:the_end":[{"name":"DP(1122_-105_1282)","x":1122,"y":-105,"z":1282,"color":16777215,"icon":"SKULL","max-distance":0,"min-distance":0,"enabled":true},{"name":"DP(1122_-170_1282)","x":1122,"y":-170,"z":1282,"color":16777215,"icon":"SKULL","max-distance":0,"min-distance":0,"enabled":true}]}