{
  "default": {
    "Awareness Radius": 64,
    "Xray Distance": 64,
    "Attack Everything": false,
    "Attack Pets": true,
    "Attack Villagers": true,
    "Neutral Mob": false,
    "Strafe Evade": true,
    "Animal Retaliate": true,
    "Ranged Atk Dist": 64,
    "Ranged Atk Error": 0,
    "Arrow Tips": [
      "minecraft:slowness:60:0"
    ],
    "Thrown Potions": [
      "minecraft:harming:1:0",
      "minecraft:slowness:300:0",
      "minecraft:blindness:300:0",
      "minecraft:poison:300:0",
      "minecraft:weakness:300:1",
      "minecraft:mining_fatigue:300:2"
    ],
    "Pillaring": false,
    "Pillar Block": "minecraft:cobblestone:0",
    "Digging": false,
    "Digging Blacklist": [],
    "Invert Blacklist": false,
    "Requires Tools": true,
    "Griefing": false,
    "Grief Targets": [
      "minecraft:chest",
      "minecraft:furnace",
      "minecraft:crafting_table",
      "minecraft:melon_stem",
      "minecraft:pumpkin_stem",
      "minecraft:fence_gate",
      "minecraft:melon_block",
      "minecraft:pumpkin",
      "minecraft:glass",
      "minecraft:glass_pane",
      "minecraft:stained_glass",
      "minecraft:stained_glass_pane",
      "minecraft:carrots",
      "minecraft:potatoes",
      "minecraft:brewing_stand",
      "minecraft:enchanting_table",
      "minecraft:cake",
      "minecraft:ladder",
      "minecraft:wooden_door",
      "minecraft:farmland",
      "minecraft:bookshelf",
      "minecraft:sapling",
      "minecraft:bed",
      "minecraft:fence",
      "minecraft:planks"
    ],
    "Demolition": 0.1,
    "Spider Webbing": 25.0,
    "Ender-Tele-Target": true,
    "Infectious": false,
    "Wither Skeletons": 0.1,
    "Jockey": 0.1,
    "Powered": 0.1,
    "Walking Fuse": true,
    "Napalm": true,
    "Breaching": true,
    "Cena": 0.01,
    "Health": 1.0,
    "Damage": 1.0,
    "Speed": 1.0,
    "Knockback": 1.0,
    "Boss Mod Health": true,
    "Boss Mod Damage": true,
    "Boss Mod Speed": false,
    "Boss Mod Knockback": false,
    "Debug Targets": false
  },
  "entities": {
    "minecraft:spider": {
      "Spider Webbing": 0.25
    },
    "minecraft:zombie": {
      "Digging": true,
      "Griefing": true,
      "Demolition": 0.1,
      "Pillaring": true,
      "Infectious": true
    },
    "minecraft:cave_spider": {
      "Spider Webbing": 0.25
    }
  }
}