<?xml version="1.0"?>
<doc>
    <assembly>
        <name>MCModHandler</name>
    </assembly>
    <members>
        <member name="F:MCModHandler.BackgroundOverlayForm.components">
            <summary>
            Required designer variable.
            </summary>
        </member>
        <member name="M:MCModHandler.BackgroundOverlayForm.Dispose(System.Boolean)">
            <summary>
            Clean up any resources being used.
            </summary>
            <param name="disposing">true if managed resources should be disposed; otherwise, false.</param>
        </member>
        <member name="M:MCModHandler.BackgroundOverlayForm.InitializeComponent">
            <summary>
            Required method for Designer support - do not modify
            the contents of this method with the code editor.
            </summary>
        </member>
        <member name="T:MCModHandler.BetterControls.BetterButton_OLD">
            <summary>
            A more customizable Button
            </summary>
        </member>
        <member name="M:MCModHandler.BetterControls.ExtraImageControls.RoundCorners(System.Drawing.Image,System.Single,System.Drawing.Color)">
            <summary>
            Rounds the corners of the provided image and returns it
            </summary>
        </member>
        <member name="T:MCModHandler.BetterControls.BetterLabel">
            <summary>
            A more customizable Label
            </summary>
        </member>
        <member name="T:MCModHandler.BetterControls.BetterMenuStrip">
            <summary>
            A more customizable MenuStrip
            </summary>
        </member>
        <member name="T:MCModHandler.BetterControls.MyMenuRenderer">
            <summary>
            A ToolStripRender used for BetterMenuStrip controls. Not for actual use
            </summary>
        </member>
        <member name="T:MCModHandler.BetterControls.BetterPanel">
            <summary>
            A more customizable Panel
            </summary>
        </member>
        <member name="T:MCModHandler.BetterControls.BetterTabControl">
            <summary>
            A more customizable TabControl
            </summary>
        </member>
        <member name="T:MCModHandler.BetterControls.StandaloneCheckbox">
            <summary>
            A checkbox with a transparent background and no Text property. Only a checkbox
            </summary>
        </member>
        <member name="T:MCModHandler.BetterControls.BetterButton">
            <summary>
            A more customizable button. Replaced what is now 'BetterButton_OLD' and supports complete transprency
            </summary>
        </member>
        <member name="F:MCModHandler.LuaEngine_DynamicInputWindow.components">
            <summary>
            Required designer variable.
            </summary>
        </member>
        <member name="M:MCModHandler.LuaEngine_DynamicInputWindow.Dispose(System.Boolean)">
            <summary>
            Clean up any resources being used.
            </summary>
            <param name="disposing">true if managed resources should be disposed; otherwise, false.</param>
        </member>
        <member name="M:MCModHandler.LuaEngine_DynamicInputWindow.InitializeComponent">
            <summary>
            Required method for Designer support - do not modify
            the contents of this method with the code editor.
            </summary>
        </member>
        <member name="F:MCModHandler.Main.components">
            <summary>
            Required designer variable.
            </summary>
        </member>
        <member name="M:MCModHandler.Main.Dispose(System.Boolean)">
            <summary>
            Clean up any resources being used.
            </summary>
            <param name="disposing">true if managed resources should be disposed; otherwise, false.</param>
        </member>
        <member name="M:MCModHandler.Main.InitializeComponent">
            <summary>
            Required method for Designer support - do not modify
            the contents of this method with the code editor.
            </summary>
        </member>
        <member name="F:MCModHandler.LogsWindow.components">
            <summary>
            Required designer variable.
            </summary>
        </member>
        <member name="M:MCModHandler.LogsWindow.Dispose(System.Boolean)">
            <summary>
            Clean up any resources being used.
            </summary>
            <param name="disposing">true if managed resources should be disposed; otherwise, false.</param>
        </member>
        <member name="M:MCModHandler.LogsWindow.InitializeComponent">
            <summary>
            Required method for Designer support - do not modify
            the contents of this method with the code editor.
            </summary>
        </member>
        <member name="F:MCModHandler.ConfigOverviewListItem.components">
            <summary> 
            Required designer variable.
            </summary>
        </member>
        <member name="M:MCModHandler.ConfigOverviewListItem.Dispose(System.Boolean)">
            <summary> 
            Clean up any resources being used.
            </summary>
            <param name="disposing">true if managed resources should be disposed; otherwise, false.</param>
        </member>
        <member name="M:MCModHandler.ConfigOverviewListItem.InitializeComponent">
            <summary> 
            Required method for Designer support - do not modify 
            the contents of this method with the code editor.
            </summary>
        </member>
        <member name="F:MCModHandler.ModOverviewListItem.components">
            <summary> 
            Required designer variable.
            </summary>
        </member>
        <member name="M:MCModHandler.ModOverviewListItem.Dispose(System.Boolean)">
            <summary> 
            Clean up any resources being used.
            </summary>
            <param name="disposing">true if managed resources should be disposed; otherwise, false.</param>
        </member>
        <member name="M:MCModHandler.ModOverviewListItem.InitializeComponent">
            <summary> 
            Required method for Designer support - do not modify 
            the contents of this method with the code editor.
            </summary>
        </member>
        <member name="F:MCModHandler.ModProfileCreatorWindow.components">
            <summary>
            Required designer variable.
            </summary>
        </member>
        <member name="M:MCModHandler.ModProfileCreatorWindow.Dispose(System.Boolean)">
            <summary>
            Clean up any resources being used.
            </summary>
            <param name="disposing">true if managed resources should be disposed; otherwise, false.</param>
        </member>
        <member name="M:MCModHandler.ModProfileCreatorWindow.InitializeComponent">
            <summary>
            Required method for Designer support - do not modify
            the contents of this method with the code editor.
            </summary>
        </member>
        <member name="F:MCModHandler.ProfileManagementListItem.components">
            <summary> 
            Required designer variable.
            </summary>
        </member>
        <member name="M:MCModHandler.ProfileManagementListItem.Dispose(System.Boolean)">
            <summary> 
            Clean up any resources being used.
            </summary>
            <param name="disposing">true if managed resources should be disposed; otherwise, false.</param>
        </member>
        <member name="M:MCModHandler.ProfileManagementListItem.InitializeComponent">
            <summary> 
            Required method for Designer support - do not modify 
            the contents of this method with the code editor.
            </summary>
        </member>
        <member name="M:MCModHandler.Program.Main">
            <summary>
            The main entry point for the application.
            </summary>
        </member>
        <member name="F:MCModHandler.Progress.components">
            <summary>
            Required designer variable.
            </summary>
        </member>
        <member name="M:MCModHandler.Progress.Dispose(System.Boolean)">
            <summary>
            Clean up any resources being used.
            </summary>
            <param name="disposing">true if managed resources should be disposed; otherwise, false.</param>
        </member>
        <member name="M:MCModHandler.Progress.InitializeComponent">
            <summary>
            Required method for Designer support - do not modify
            the contents of this method with the code editor.
            </summary>
        </member>
        <member name="F:MCModHandler.SelectVersionWindow.components">
            <summary>
            Required designer variable.
            </summary>
        </member>
        <member name="M:MCModHandler.SelectVersionWindow.Dispose(System.Boolean)">
            <summary>
            Clean up any resources being used.
            </summary>
            <param name="disposing">true if managed resources should be disposed; otherwise, false.</param>
        </member>
        <member name="M:MCModHandler.SelectVersionWindow.InitializeComponent">
            <summary>
            Required method for Designer support - do not modify
            the contents of this method with the code editor.
            </summary>
        </member>
        <member name="F:MCModHandler.SettingsWindow.components">
            <summary>
            Required designer variable.
            </summary>
        </member>
        <member name="M:MCModHandler.SettingsWindow.Dispose(System.Boolean)">
            <summary>
            Clean up any resources being used.
            </summary>
            <param name="disposing">true if managed resources should be disposed; otherwise, false.</param>
        </member>
        <member name="M:MCModHandler.SettingsWindow.InitializeComponent">
            <summary>
            Required method for Designer support - do not modify
            the contents of this method with the code editor.
            </summary>
        </member>
        <member name="T:MCModHandler.Properties.Resources">
            <summary>
              A strongly-typed resource class, for looking up localized strings, etc.
            </summary>
        </member>
        <member name="P:MCModHandler.Properties.Resources.ResourceManager">
            <summary>
              Returns the cached ResourceManager instance used by this class.
            </summary>
        </member>
        <member name="P:MCModHandler.Properties.Resources.Culture">
            <summary>
              Overrides the current thread's CurrentUICulture property for all
              resource lookups using this strongly typed resource class.
            </summary>
        </member>
        <member name="P:MCModHandler.Properties.Resources.Background_1_v2">
            <summary>
              Looks up a localized resource of type System.Drawing.Bitmap.
            </summary>
        </member>
        <member name="P:MCModHandler.Properties.Resources.BakFileIcon">
            <summary>
              Looks up a localized resource of type System.Drawing.Bitmap.
            </summary>
        </member>
        <member name="P:MCModHandler.Properties.Resources.BlankFileIcon">
            <summary>
              Looks up a localized resource of type System.Drawing.Bitmap.
            </summary>
        </member>
        <member name="P:MCModHandler.Properties.Resources.CfgFileIcon">
            <summary>
              Looks up a localized resource of type System.Drawing.Bitmap.
            </summary>
        </member>
        <member name="P:MCModHandler.Properties.Resources.ErroredFileIcon">
            <summary>
              Looks up a localized resource of type System.Drawing.Bitmap.
            </summary>
        </member>
        <member name="P:MCModHandler.Properties.Resources.ErrorLoadingIcon">
            <summary>
              Looks up a localized resource of type System.Drawing.Bitmap.
            </summary>
        </member>
        <member name="P:MCModHandler.Properties.Resources.ExecutableJaricon">
            <summary>
              Looks up a localized resource of type System.Drawing.Bitmap.
            </summary>
        </member>
        <member name="P:MCModHandler.Properties.Resources.Icon">
            <summary>
              Looks up a localized resource of type System.Drawing.Icon similar to (Icon).
            </summary>
        </member>
        <member name="P:MCModHandler.Properties.Resources.Icon_v2">
            <summary>
              Looks up a localized resource of type System.Drawing.Icon similar to (Icon).
            </summary>
        </member>
        <member name="P:MCModHandler.Properties.Resources.Json5FileIcon">
            <summary>
              Looks up a localized resource of type System.Drawing.Bitmap.
            </summary>
        </member>
        <member name="P:MCModHandler.Properties.Resources.JsonFileIcon">
            <summary>
              Looks up a localized resource of type System.Drawing.Bitmap.
            </summary>
        </member>
        <member name="P:MCModHandler.Properties.Resources.NoProfileImage">
            <summary>
              Looks up a localized resource of type System.Drawing.Bitmap.
            </summary>
        </member>
        <member name="P:MCModHandler.Properties.Resources.PropertiesFileIcon">
            <summary>
              Looks up a localized resource of type System.Drawing.Bitmap.
            </summary>
        </member>
        <member name="P:MCModHandler.Properties.Resources.TomlFileIcon">
            <summary>
              Looks up a localized resource of type System.Drawing.Bitmap.
            </summary>
        </member>
        <member name="P:MCModHandler.Properties.Resources.TxtFileIcon">
            <summary>
              Looks up a localized resource of type System.Drawing.Bitmap.
            </summary>
        </member>
    </members>
</doc>
