{
  "check_the_wiki_for_more_information": "https://qouteall.fun/immptl/wiki/Config-Options",
  "enableWarning": true,
  "maxPortalLayer": 5,
  "lagAttackProof": true,
  "compatibilityRenderMode": false,
  "enableMirrorCreation": true,
  "enableCrossPortalSound": true,
  "pureMirror": false,
  "renderYourselfInPortal": true,
  "correctCrossPortalEntityRendering": true,
  "reducedPortalRendering": false,
  "netherPortalOverlay": false,
  "enableNetherPortalEffect": true,
  "enableClientPerformanceAdjustment": true,
  "checkModInfoFromInternet": true,
  "enableUpdateNotification": true,
  "sharedBlockMeshBufferOptimization": true,
  "enableClippingMechanism": true,
  "visibilityPrediction": true,
  "enableDepthClampForPortalRendering": false,
  "enableCrossPortalView": true,
  "portalRenderLimit": 200,
  "doCheckGlError": false,
  "netherPortalMode": "normal",
  "endPortalMode": "normal",
  "lightVanillaNetherPortalWhenCrouching": true,
  "enableAlternateDimensions": true,
  "enableServerPerformanceAdjustment": true,
  "enableDatapackPortalGen": true,
  "indirectLoadingRadiusCap": 8,
  "regularPortalLengthLimit": 64,
  "scaleLimit": 30,
  "easeCreativePermission": true,
  "easeCommandStickPermission": false,
  "portalSearchingRange": 128,
  "serverSideNormalChunkLoading": true,
  "teleportationDebug": false,
  "looseMovementCheck": false
}