{"good_nights_sleep:nightmare":[{"name":"DP(-248_9_-147)","x":-248,"y":9,"z":-147,"color":16777215,"icon":"SKULL","max-distance":0,"min-distance":0,"enabled":true},{"name":"DP(-115_71_-259)","x":-115,"y":71,"z":-259,"color":16777215,"icon":"SKULL","max-distance":0,"min-distance":0,"enabled":true},{"name":"DP(-114_70_-258)","x":-114,"y":70,"z":-258,"color":16777215,"icon":"SKULL","max-distance":0,"min-distance":0,"enabled":true},{"name":"DP(50_66_-213)","x":50,"y":66,"z":-213,"color":16777215,"icon":"SKULL","max-distance":0,"min-distance":0,"enabled":true},{"name":"DP(50_66_-214)","x":50,"y":66,"z":-214,"color":16777215,"icon":"SKULL","max-distance":0,"min-distance":0,"enabled":true},{"name":"DP(-41_68_-153)","x":-41,"y":68,"z":-153,"color":16777215,"icon":"SKULL","max-distance":0,"min-distance":0,"enabled":true},{"name":"DP(-40_68_-154)","x":-40,"y":68,"z":-154,"color":16777215,"icon":"SKULL","max-distance":0,"min-distance":0,"enabled":true}],"minecraft:overworld":[{"name":"DP(16_16_-133)","x":16,"y":16,"z":-133,"color":16777215,"icon":"SKULL","max-distance":0,"min-distance":0,"enabled":true},{"name":"DP(-8_17_-174)","x":-8,"y":17,"z":-174,"color":16777215,"icon":"SKULL","max-distance":0,"min-distance":0,"enabled":true},{"name":"DP(-8_16_-174)","x":-8,"y":16,"z":-174,"color":16777215,"icon":"SKULL","max-distance":0,"min-distance":0,"enabled":true},{"name":"DP(-13_22_-188)","x":-13,"y":22,"z":-188,"color":16777215,"icon":"SKULL","max-distance":0,"min-distance":0,"enabled":true}]}