{"entity.minecraft.phantom":true,"entity.minecraft.skeleton_horse":true,"entity.minecraft.pillager":true,"entity.minecraft.stray":true,"entity.minecraft.silverfish":true,"entity.minecraft.wither_skeleton":true,"entity.minecraft.elder_guardian":true,"entity.minecraft.drowned":true,"entity.minecraft.parrot":true,"entity.minecraft.trader_llama":true,"entity.minecraft.illusioner":true,"entity.minecraft.dolphin":true,"entity.minecraft.guardian":true,"entity.minecraft.witch":true,"entity.minecraft.shulker":true,"entity.minecraft.wolf":true,"entity.minecraft.enderman":true,"entity.minecraft.wandering_trader":true,"entity.minecraft.husk":true,"entity.minecraft.chicken":true,"entity.minecraft.pig":true,"entity.minecraft.endermite":true,"entity.minecraft.iron_golem":true,"entity.minecraft.zombified_piglin":true,"entity.minecraft.panda":true,"entity.minecraft.skeleton":true,"entity.minecraft.ghast":true,"entity.minecraft.horse":true,"entity.minecraft.pufferfish":true,"entity.minecraft.cow":true,"entity.minecraft.blaze":true,"entity.minecraft.ravager":true,"entity.minecraft.vex":true,"entity.minecraft.salmon":true,"entity.minecraft.polar_bear":true,"entity.minecraft.donkey":true,"entity.minecraft.turtle":true,"entity.minecraft.ender_dragon":true,"entity.minecraft.glow_squid":true,"entity.minecraft.zoglin":true,"entity.minecraft.rabbit":true,"entity.minecraft.zombie_villager":true,"entity.minecraft.fox":true,"entity.minecraft.squid":true,"entity.minecraft.evoker":true,"entity.minecraft.tropical_fish":true,"entity.minecraft.snow_golem":true,"entity.minecraft.spider":true,"entity.minecraft.vindicator":true,"entity.minecraft.axolotl":true,"entity.minecraft.piglin":true,"entity.minecraft.villager":true,"entity.minecraft.strider":true,"entity.minecraft.mooshroom":true,"entity.minecraft.magma_cube":true,"entity.minecraft.cave_spider":true,"entity.minecraft.bee":true,"entity.minecraft.mule":true,"entity.minecraft.zombie_horse":true,"entity.minecraft.wither":true,"entity.minecraft.creeper":true,"entity.minecraft.hoglin":true,"entity.minecraft.cat":true,"entity.minecraft.goat":true,"entity.minecraft.ocelot":true,"entity.minecraft.llama":true,"entity.minecraft.player":true,"entity.minecraft.zombie":true,"entity.minecraft.bat":true,"entity.minecraft.sheep":true,"entity.minecraft.piglin_brute":true,"entity.minecraft.slime":true,"entity.minecraft.cod":true}