[
  {
    "biomeName": "terralith:skylands_spring",
    "chance": 10
  },
  {
    "biomeName": "terralith:sakura_grove",
    "chance": 15
  },
  {
    "biomeName": "terralith:siberian_taiga",
    "chance": 10
  },
  {
    "biomeName": "terralith:skylands_winter",
    "chance": 10
  },
  {
    "biomeName": "terralith:mirage_isles",
    "chance": 3
  },
  {
    "biomeName": "terralith:lavender_forest",
    "chance": 15
  },
  {
    "biomeName": "terralith:snowy_maple_forest",
    "chance": 5
  },
  {
    "biomeName": "terralith:skylands_autumn",
    "chance": 3
  },
  {
    "biomeName": "terralith:sakura_valley",
    "chance": 10
  },
  {
    "biomeName": "terralith:lavender_valley",
    "chance": 15
  },
  {
    "biomeName": "terralith:forested_highlands",
    "chance": 10
  }
]