{"minecraft:overworld":[{"name":"DP(-375_14_61)","x":-375,"y":14,"z":61,"color":16777215,"icon":"SKULL","max-distance":0,"min-distance":0,"enabled":true},{"name":"DP(-376_14_58)","x":-376,"y":14,"z":58,"color":16777215,"icon":"SKULL","max-distance":0,"min-distance":0,"enabled":true},{"name":"DP(-334_70_11)","x":-334,"y":70,"z":11,"color":16777215,"icon":"SKULL","max-distance":0,"min-distance":0,"enabled":true},{"name":"DP(-335_70_10)","x":-335,"y":70,"z":10,"color":16777215,"icon":"SKULL","max-distance":0,"min-distance":0,"enabled":true}]}