{"capuchin_monkey":{"width":20,"height":14,"show":true},"seagull":{"width":10,"height":20,"show":true},"gorilla":{"width":16,"height":20,"show":true},"hummingbird":{"width":11,"height":20,"show":true},"leafcutter_ant":{"width":14,"height":11,"show":true},"tarantula_hawk":{"width":20,"height":13,"show":true},"roadrunner":{"width":11,"height":20,"show":true},"frilled_shark":{"width":16,"height":18,"show":true},"cockroach":{"width":16,"height":9,"show":true},"lobster":{"width":20,"height":11,"show":true},"rattlesnake":{"width":20,"height":12,"show":true},"raccoon":{"width":16,"height":16,"show":true},"crow":{"width":10,"height":20,"show":true},"grizzly_bear":{"width":16,"height":18,"show":true},"crocodile":{"width":20,"height":16,"show":true},"tasmanian_devil":{"width":16,"height":17,"show":true},"moose":{"width":16,"height":18,"show":true},"fly":{"width":16,"height":16,"show":true},"platypus":{"width":20,"height":12,"show":true},"snow_leopard":{"width":16,"height":16,"show":true},"seal":{"width":16,"height":16,"show":true},"bald_eagle":{"width":9,"height":20,"show":true},"shoebill":{"width":16,"height":19,"show":true},"alligator_snapping_turtle":{"width":19,"height":16,"show":true},"blobfish":{"width":20,"height":12,"show":true},"sunbird":{"width":17,"height":16,"show":true},"orca":{"width":17,"height":16,"show":true},"cachalot_whale":{"width":14,"height":20,"show":true}}