{
  "balance": {
    "allowSpawnerAbsorption": true,
    "allowFakePlayers": false,
    "absorptionBonus": 200,
    "allowBossSpawns": false,
    "countCageBornForShard": false,
    "requireOwnerOnline": false,
    "requireRedstoneSignal": false,
    "allowShardCombination": true,
    "spawnCap": 32,
    "dropExperience": false
  },
  "client": {
    "displayDurabilityBar": true
  },
  "entityList": {
    "entities": {
      "minecraft:pillager": true,
      "minecraft:giant": true,
      "minecraft:zoglin": true,
      "minecraft:hoglin": true,
      "minecraft:strider": true,
      "minecraft:trader_llama": true,
      "minecraft:guardian": true,
      "minecraft:parrot": true,
      "minecraft:wither": false,
      "minecraft:horse": true,
      "minecraft:polar_bear": true,
      "minecraft:bat": true,
      "minecraft:wandering_trader": true,
      "minecraft:phantom": true,
      "minecraft:zombified_piglin": true,
      "minecraft:witch": true,
      "minecraft:wither_skeleton": true,
      "minecraft:llama": true,
      "minecraft:pig": true,
      "minecraft:husk": true,
      "minecraft:turtle": true,
      "minecraft:sheep": true,
      "minecraft:ender_dragon": false,
      "minecraft:cave_spider": true,
      "minecraft:piglin": true,
      "minecraft:enderman": true,
      "minecraft:dolphin": true,
      "minecraft:vex": true,
      "minecraft:blaze": true,
      "minecraft:cod": true,
      "minecraft:skeleton": true,
      "minecraft:elder_guardian": false,
      "minecraft:donkey": true,
      "minecraft:ravager": true,
      "minecraft:squid": true,
      "minecraft:ghast": true,
      "minecraft:mule": true,
      "minecraft:skeleton_horse": true,
      "minecraft:cow": true,
      "minecraft:vindicator": true,
      "minecraft:zombie_horse": true,
      "minecraft:magma_cube": true,
      "minecraft:piglin_brute": true,
      "minecraft:spider": true,
      "minecraft:creeper": true,
      "minecraft:bee": true,
      "minecraft:evoker": true,
      "minecraft:slime": true,
      "minecraft:cat": true,
      "minecraft:pufferfish": true,
      "minecraft:illusioner": true,
      "minecraft:salmon": true,
      "minecraft:fox": true,
      "minecraft:tropical_fish": true,
      "minecraft:shulker": true,
      "minecraft:mooshroom": true,
      "minecraft:ocelot": true,
      "minecraft:silverfish": true,
      "minecraft:stray": true,
      "minecraft:endermite": true,
      "minecraft:chicken": true,
      "minecraft:zombie": true,
      "minecraft:drowned": true,
      "minecraft:wolf": true,
      "minecraft:panda": true,
      "minecraft:zombie_villager": true,
      "minecraft:rabbit": true
    }
  }
}