{
  "__comment": [
    "Mobs will be able to equip items declared here",
    "The first number is the weight while the second number is the quality",
    "Weight is the weight of an item. Higher weight means that the item is more likely to get choosen",
    "Quality is a modifier applied to the weight. The final weight used is weight + quality * current difficulty"
  ],
  "MAINHAND": {
    "betterendforge:aeternium_axe": [
      967,
      0.264
    ],
    "betterendforge:aeternium_sword": [
      528,
      3.776
    ],
    "betterendforge:terminite_axe": [
      1089,
      -0.712
    ],
    "betterendforge:terminite_sword": [
      889,
      0.888
    ],
    "betterendforge:thallasium_axe": [
      1247,
      -1.976
    ],
    "betterendforge:thallasium_sword": [
      1223,
      -1.784
    ],
    "betternether:cincinnasite_axe": [
      1364,
      -2.912
    ],
    "betternether:cincinnasite_axe_diamond": [
      1207,
      -1.656
    ],
    "betternether:cincinnasite_sword": [
      1081,
      -0.648
    ],
    "betternether:cincinnasite_sword_diamond": [
      595,
      3.24
    ],
    "betternether:nether_ruby_axe": [
      1298,
      -2.384
    ],
    "betternether:nether_ruby_sword": [
      868,
      1.056
    ],
    "herobrine:bedrock_sword": [
      1108,
      -0.864
    ],
    "herobrine:cursed_diamond_axe": [
      1052,
      -0.416
    ],
    "herobrine:cursed_diamond_sword": [
      732,
      2.144
    ],
    "minecraft:bow": [
      1108,
      0.0
    ],
    "minecraft:crossbow": [
      1000,
      0.0
    ],
    "minecraft:diamond_axe": [
      1101,
      -0.808
    ],
    "minecraft:diamond_sword": [
      789,
      1.688
    ],
    "minecraft:enchanted_book": [
      1100,
      0.0
    ],
    "minecraft:golden_axe": [
      1334,
      -2.672
    ],
    "minecraft:golden_sword": [
      1362,
      -2.896
    ],
    "minecraft:iron_axe": [
      1233,
      -1.864
    ],
    "minecraft:iron_sword": [
      1225,
      -1.8
    ],
    "minecraft:lingering_potion{Potion:\"minecraft:harming\"}": [
      1050,
      0.0
    ],
    "minecraft:netherite_axe": [
      1008,
      -0.064
    ],
    "minecraft:netherite_sword": [
      602,
      3.184
    ],
    "minecraft:snowball": [
      1400,
      0.0
    ],
    "minecraft:splash_potion{Potion:\"minecraft:harming\"}": [
      1050,
      0.0
    ],
    "minecraft:stone_axe": [
      1244,
      -1.952
    ],
    "minecraft:stone_sword": [
      1298,
      -2.384
    ],
    "minecraft:tnt": [
      800,
      0.0
    ],
    "minecraft:trident": [
      900,
      0.0
    ],
    "minecraft:wooden_axe": [
      1332,
      -2.656
    ],
    "minecraft:wooden_sword": [
      1354,
      -2.832
    ]
  },
  "OFFHAND": {
    "minecraft:ender_pearl": [
      1100,
      0.0
    ],
    "minecraft:flint_and_steel": [
      1200,
      0.0
    ],
    "minecraft:lava_bucket": [
      900,
      0.0
    ],
    "minecraft:shield": [
      1350,
      0.0
    ]
  },
  "FEET": {
    "betterendforge:aeternium_boots": [
      1,
      12.624
    ],
    "betterendforge:crystalite_boots": [
      101,
      7.192
    ],
    "betterendforge:terminite_boots": [
      262,
      5.904
    ],
    "betterendforge:thallasium_boots": [
      923,
      0.616
    ],
    "betternether:cincinnasite_boots": [
      628,
      2.976
    ],
    "betternether:nether_ruby_boots": [
      625,
      3.0
    ],
    "dungeonsmod:crawler_boots": [
      1,
      9.968
    ],
    "herobrine:cursed_diamond_boots": [
      1,
      11.888
    ],
    "minecraft:chainmail_boots": [
      1098,
      -0.784
    ],
    "minecraft:diamond_boots": [
      444,
      4.448
    ],
    "minecraft:golden_boots": [
      1201,
      -1.608
    ],
    "minecraft:iron_boots": [
      954,
      0.368
    ],
    "minecraft:leather_boots": [
      1356,
      -2.848
    ],
    "minecraft:netherite_boots": [
      361,
      5.112
    ]
  },
  "LEGS": {
    "betterendforge:aeternium_leggings": [
      1,
      12.624
    ],
    "betterendforge:crystalite_leggings": [
      101,
      7.192
    ],
    "betterendforge:terminite_leggings": [
      262,
      5.904
    ],
    "betterendforge:thallasium_leggings": [
      923,
      0.616
    ],
    "betternether:cincinnasite_leggings": [
      628,
      2.976
    ],
    "betternether:nether_ruby_leggings": [
      625,
      3.0
    ],
    "dungeonsmod:crawler_leggins": [
      1,
      9.968
    ],
    "herobrine:cursed_diamond_leggings": [
      1,
      11.888
    ],
    "minecraft:chainmail_leggings": [
      1098,
      -0.784
    ],
    "minecraft:diamond_leggings": [
      444,
      4.448
    ],
    "minecraft:golden_leggings": [
      1201,
      -1.608
    ],
    "minecraft:iron_leggings": [
      954,
      0.368
    ],
    "minecraft:leather_leggings": [
      1356,
      -2.848
    ],
    "minecraft:netherite_leggings": [
      361,
      5.112
    ]
  },
  "CHEST": {
    "betterendforge:aeternium_chestplate": [
      1,
      12.624
    ],
    "betterendforge:crystalite_chestplate": [
      101,
      7.192
    ],
    "betterendforge:terminite_chestplate": [
      262,
      5.904
    ],
    "betterendforge:thallasium_chestplate": [
      923,
      0.616
    ],
    "betternether:cincinnasite_chestplate": [
      628,
      2.976
    ],
    "betternether:nether_ruby_chestplate": [
      625,
      3.0
    ],
    "dungeonsmod:crawler_chestplate": [
      1,
      9.968
    ],
    "herobrine:cursed_diamond_chestplate": [
      1,
      11.888
    ],
    "minecraft:chainmail_chestplate": [
      1098,
      -0.784
    ],
    "minecraft:diamond_chestplate": [
      444,
      4.448
    ],
    "minecraft:golden_chestplate": [
      1201,
      -1.608
    ],
    "minecraft:iron_chestplate": [
      954,
      0.368
    ],
    "minecraft:leather_chestplate": [
      1356,
      -2.848
    ],
    "minecraft:netherite_chestplate": [
      361,
      5.112
    ]
  },
  "HEAD": {
    "betterendforge:aeternium_helmet": [
      1,
      12.624
    ],
    "betterendforge:crystalite_helmet": [
      101,
      7.192
    ],
    "betterendforge:terminite_helmet": [
      262,
      5.904
    ],
    "betterendforge:thallasium_helmet": [
      923,
      0.616
    ],
    "betternether:cincinnasite_helmet": [
      628,
      2.976
    ],
    "betternether:nether_ruby_helmet": [
      625,
      3.0
    ],
    "dungeonsmod:crawler_helmet": [
      1,
      9.968
    ],
    "dungeonsmod:king_crown": [
      1068,
      -0.544
    ],
    "herobrine:cursed_diamond_helmet": [
      1,
      11.888
    ],
    "minecraft:chainmail_helmet": [
      1098,
      -0.784
    ],
    "minecraft:diamond_helmet": [
      444,
      4.448
    ],
    "minecraft:golden_helmet": [
      1201,
      -1.608
    ],
    "minecraft:iron_helmet": [
      954,
      0.368
    ],
    "minecraft:leather_helmet": [
      1356,
      -2.848
    ],
    "minecraft:netherite_helmet": [
      361,
      5.112
    ],
    "minecraft:turtle_helmet": [
      865,
      1.08
    ]
  }
}