{"corrupted_traveller":{"width":11,"height":20,"show":true},"bugeye":{"width":20,"height":14,"show":true},"bush_baby":{"width":17,"height":16,"show":true},"trickster":{"width":16,"height":16,"show":true},"void_walker":{"width":16,"height":16,"show":true},"ghost":{"width":20,"height":16,"show":true},"mother_void_walker":{"width":20,"height":12,"show":true},"night_reaper":{"width":20,"height":14,"show":true},"goblin":{"width":17,"height":16,"show":true},"void_charger":{"width":17,"height":16,"show":true},"shadow":{"width":16,"height":16,"show":true},"trickster_clone":{"width":16,"height":16,"show":true},"sasquatch":{"width":16,"height":16,"show":true},"charger":{"width":17,"height":16,"show":true},"nightfly":{"width":14,"height":10,"show":true},"cyclops":{"width":16,"height":16,"show":true},"goalby":{"width":12,"height":20,"show":true},"glistening_pixon":{"width":16,"height":16,"show":true},"swamp_charger":{"width":17,"height":16,"show":true},"chomper":{"width":20,"height":16,"show":true},"bomb_carrier":{"width":16,"height":16,"show":true},"everbeast":{"width":16,"height":18,"show":true},"ancient_golem":{"width":16,"height":20,"show":true},"hag":{"width":12,"height":20,"show":true},"snow_charger":{"width":17,"height":16,"show":true},"yeti":{"width":16,"height":16,"show":true},"horndron":{"width":20,"height":13,"show":true},"king_charger":{"width":16,"height":17,"show":true},"lottoman":{"width":16,"height":16,"show":true},"airhead":{"width":20,"height":5,"show":true},"hiding_fungi":{"width":20,"height":14,"show":true},"wood_giant":{"width":16,"height":19,"show":true},"living_fungi":{"width":18,"height":16,"show":true},"fishix":{"width":16,"height":20,"show":true},"sea_charger":{"width":17,"height":16,"show":true},"sea_troll":{"width":14,"height":20,"show":true},"pincher":{"width":20,"height":16,"show":true},"undead_herald":{"width":16,"height":16,"show":true},"realmshifter":{"width":16,"height":16,"show":true},"shade":{"width":20,"height":16,"show":true}}