{"creeper":{"width":8,"height":20,"show":true},"skeleton":{"width":16,"height":16,"show":true},"glow_squid":{"width":9,"height":20,"show":true},"squid":{"width":9,"height":20,"show":true},"bat":{"width":12,"height":20,"show":true},"spider":{"width":20,"height":10,"show":true},"enderman":{"width":16,"height":16,"show":true},"salmon":{"width":12,"height":20,"show":true},"ghast":{"width":13,"height":20,"show":true},"blaze":{"width":15,"height":20,"show":true},"wither_skeleton":{"width":16,"height":16,"show":true},"shulker":{"width":16,"height":16,"show":true},"cave_spider":{"width":20,"height":10,"show":true}}